listing_id,source,seller_type,housing_type,region,district,rooms,living_area_m2,kitchen_area_m2,total_area_m2,floor,total_floors,building_type,layout,build_year,ceiling_height,bathroom,furnished,renovation,commission,amenities,nearby,negotiable,price,currency,published_date,description,date_scraped,url
4jYx9,olx,private,resale,Tashkent Region,Chilanzar District,1.0,20.0,6.0,29.0,1.0,4.0,panel,adjacent,1989.0,2.6,separate,1.0,euro renovation,0.0,"Internet, Refrigerator, TV, Air Conditioning, Cable TV, Washing Machine, Kitchen","Hospital, Clinic, Playground, Kindergarten, Bus Stop, Park, Green Area, Entertainment, Restaurant, Cafe, Parking, Supermarket, Shops",1,60000.0,USD,01/05/2026,"Описание Уй локацияси зур жойда жойлашган. Мирзо Улугбек метро 200 м, Бунедкор торговый комплекс, Бунедкор стадион, ГОФУР Гулом парк, Катортол бозор, Мед клиника, Мактаб Богча хаммаси енма-ен жойлашган. Уй эгаси узим,хамма жихозлари билан бирга сотилади. Уй холати зур топ тоза, Хамма шароити килиб куйилган кийим кечакларийзни олиб кириб яшайсиз, Студент еки еш оилага зур, колган саволлар тел да галашилади. Оринтир - Мирзо Улугбек метро Адрес:Чилонзор 6-4-38 Тел:996172767",2026-05-02,https://www.olx.uz/d/obyavlenie/1-hona-metro-oldi-da-sotiladi-ID4jYx9.html
4myoT,olx,private,,Tashkent Region,Yunusabad District,2.0,80.0,,80.0,6.0,13.0,brick,separate,2014.0,,combined,1.0,average condition,1.0,"Internet, Refrigerator, TV, Air Conditioning, Cable TV, Washing Machine, Kitchen, Balcony","Hospital, Clinic, Playground, Kindergarten, Bus Stop, Park, Green Area, Entertainment, Restaurant, Cafe, Parking, Supermarket, Shops, School",0,7865000.0,UZS,30/04/2026,"Описание Сдается в аренду 2/6/13 Юнусабад 13 квартал в ЖК «Мегаполис» Общая площадь 80 м2.Раздельные комнаты,мебель,техника все имеется для комфортного проживания.Ориентиры:в шаговой доступности ТЦ Мегапланет, ресторан Grand Hall, Yapona Mama, вещевой рынок Ахмад Дониш.Закрытая охраняемая территория, имеется детская площадка.Очень удобная транспортная развилка. Возле ЖК в 5ти метрах вход в метро станция «Юнусабад», продуктовый рынок, школа №246, частный детский сад, гос. детские сады, кафе, рестораны и многое другое. Сдадим порядочным и платёжеспособным людям  на долгий срок Цена 650$ +коммунальные услуги Телефон для связи +99890 9613767 Гуля",2026-05-02,https://www.olx.uz/d/obyavlenie/sdaetsya-v-arendu-2-6-13-yunusabad-13-kvartal-v-zhk-megapolis-ID4myoT.html
4lvjL,olx,business,new building,Tashkent Region,Yunusabad District,3.0,,,80.0,6.0,9.0,monolith,adjacent,2025.0,3.0,combined,1.0,designer renovation,0.0,"Internet, Refrigerator, TV, Air Conditioning, Cable TV, Washing Machine, Kitchen, Balcony","Hospital, Clinic, School, Playground, Kindergarten, Bus Stop, Park, Green Area, Entertainment, Restaurant, Cafe, Parking, Supermarket, Shops",0,220000.0,USD,29/04/2026,Описание Продается квартира !!! 3/6/9 80 кВ После ремонта Мебель техника все остается Yunusabad Residence 24/7 охрана Парковка Бассейн Silver Spa Фитнесс зал 220000$,2026-05-02,https://www.olx.uz/d/obyavlenie/srochno-prodaetsya-kvartira-3h-komnatnaya-80kv-ID4lvjL.html
4aiOy,olx,private,,Tashkent Region,Shaykhantakhur District,3.0,67.5,,67.5,5.0,6.0,,,,,,1.0,,0.0,"Internet, Refrigerator, TV, Air Conditioning, Cable TV, Washing Machine, Kitchen, Balcony",,0,1400.0,USD,02/05/2026,"Описание Квартира в новостройке Tashkent City, с ремонтом, на долгосрочную аренду. Аренда: 1,400$ - 3-х комнатная - 5-й этаж *Интернет, свет и газ оплачиваются арендатором. Звонить по номеру: +998935011035",2026-05-02,https://www.olx.uz/d/obyavlenie/sdaetsya-v-arendu-3-h-komnatnaya-kvartira-v-novostroyke-tashkent-city-ID4aiOy.html
4mAGS,olx,business,resale,Tashkent Region,Yashnabad District,3.0,50.0,,78.0,1.0,4.0,brick,Смежно-раздельная,,3.0,,1.0,average condition,1.0,"Internet, Telephone, Refrigerator, TV, Air Conditioning, Cable TV, Washing Machine, Kitchen, Balcony","Hospital, Clinic, Playground, Kindergarten, Bus Stop, Park, Green Area, Entertainment, Restaurant, Cafe, Parking, Supermarket, Shops, School",0,120000.0,USD,02/05/2026,"Описание Продается своя квартира 3/1/4 Кирпичном доме, 2 огорода не торец.",2026-05-02,https://www.olx.uz/d/obyavlenie/kvartira-3-1-4-kirpichnom-dome-1-etvzh-ne-torets-ID4mAGS.html
4jJwm,olx,private,new building,Tashkent Region,Yunusabad District,3.0,68.0,,68.0,10.0,12.0,monolith,Смежно-раздельная,2023.0,3.0,separate,1.0,designer renovation,0.0,"Internet, Telephone, Refrigerator, TV, Air Conditioning, Cable TV, Washing Machine, Kitchen, Balcony","Hospital, Clinic, Playground, Kindergarten, Bus Stop, Park, Green Area, Entertainment, Restaurant, Cafe, Parking, Supermarket, Shops",0,110000.0,USD,02/05/2026,"Описание Своя #3 комнатная #Новостройка Хон сарой ЖК Мегатавр Юнусабад-13 квартал Ор-р: Мегопланет.  Унверсам базар 3х_комнатная_новостройка 10-й этаж 12 этажный дом Общая площадь 68 м2+ балкон Состояние: новый свежий евро ремонт,  полностью укомплектована. Цена 110.000 $ старт торг уместен Ипотеки, рассрочки нет Показ в любое время Тел. +998934399249",2026-05-02,https://www.olx.uz/d/obyavlenie/hon-saroy-zhk-megatavr-yunusabad-13-kv-3-hona-ID4jJwm.html
4jCqu,olx,private,new building,Tashkent Region,Yunusabad District,3.0,84.0,,112.0,13.0,16.0,monolith,separate,2024.0,3.0,combined,1.0,designer renovation,0.0,"Internet, Telephone, Refrigerator, TV, Air Conditioning, Cable TV, Washing Machine, Kitchen, Balcony","Hospital, Clinic, Playground, Kindergarten, Bus Stop, Park, Green Area, Entertainment, Restaurant, Cafe, Parking, Supermarket, Shops",0,125000.0,USD,02/05/2026,"Описание Своя #3 комнатная #Новостройка Хон сарой ЖК Сайрам Юнусабад-14 квартал Ор-р: Сайрам прекрёска 3х_комнатная_новостройка 13-й этаж 16 этажный дом Общая площадь 84 м2+28м2 балкон Состояние: новый свежий евро ремонт,  полностью укомплектована. Цена 125.000 $ старт торг уместен Ипотеки, рассрочки нет Показ в любое время Тел. +998934399249",2026-05-02,https://www.olx.uz/d/obyavlenie/yunusabad-14-kv-hon-saroy-sayram-3-hona-ID4jCqu.html
4bWR1,olx,private,resale,Tashkent Region,Uchtepa District,3.0,70.0,40.0,111.0,4.0,4.0,brick,separate,2000.0,3.0,separate,1.0,average condition,1.0,"Internet, Telephone, Refrigerator, TV, Air Conditioning, Cable TV, Washing Machine, Kitchen, Balcony","Hospital, Clinic, Playground, Kindergarten, Bus Stop, Park, Green Area, Restaurant, Cafe, Parking, Supermarket, Shops",0,100000.0,USD,02/05/2026,Описание Кора камиш МВД госпиталний енида дом сотилади холати яхши балконлари еруг тапчан килинган ванна туалет котта коган маьлумотла телда гаплашамиз тел номер 90.480.24.32 нархини келиштирамиз,2026-05-02,https://www.olx.uz/d/obyavlenie/bankovskaya-mvd-gospitalniy-enida-dom-sotiladi-ID4bWR1.html
4cXVi,olx,business,resale,Tashkent Region,Mirzo-Ulugbek District,1.0,,,28.0,4.0,5.0,brick,,,,,1.0,average condition,0.0,"Internet, Telephone, Refrigerator, TV, Air Conditioning, Cable TV, Washing Machine, Kitchen, Balcony","Hospital, Clinic, Playground, Kindergarten, Bus Stop, Park, Green Area, Entertainment, Restaurant, Cafe, Parking, Supermarket, Shops, School",0,65000.0,USD,02/05/2026,Описание Новомосковская 1комнатная кирпич Мирзо-Улугбекский район 1 линия Улица Аккурган Ориентир: Стадион Старт Giotto кафе Подушечная рядом Комнат: 1 переделанная в 2 Этаж: 4 Этажность: 5 Общая Площадь: 28 квм² санузел совмещенный балкон 1*3 не торец Ремонт: Хороший с Мебелью Техникой Цена: 65000 y.e подробная информация по телефону +998951804080 Мохинур,2026-05-02,https://www.olx.uz/d/obyavlenie/kvartira-1-komnatnaya-novomoskovskaya-stadion-start-ID4cXVi.html
4mfGl,olx,business,new building,Tashkent Region,Yakkasaray District,4.0,,,122.0,2.0,8.0,brick,separate,,,2+ bathrooms,1.0,euro renovation,0.0,"Cable TV, TV, Telephone, Balcony, Washing Machine, Air Conditioning, Refrigerator, Internet, Kitchen","Entertainment, Bus Stop, School, Supermarket, Shops, Restaurant, Cafe, Playground, Park, Green Area, Kindergarten, Hospital, Clinic, Parking",1,310000.0,USD,02/05/2026,Описание ПРОДАЕТСЯ 4/2/8 НОВОСТРОЙКА ЖК Dream house Яккасарайский район Ор.р:  8 роддом Комната:4 Этаж: 2 Этажность: 8 Площадь:  122кв.м Состояние: авторский проект С МЕБЕЛЬЮ И ТЕХНИКОЙ Никто не жил 2 санузель Цена : 310 000y.e +998915567666,2026-05-02,https://www.olx.uz/d/obyavlenie/srochno-novostroyka-4-2-8-zhk-dream-house-8-roddom-yakkasarayskiy-rayon-ID4mfGl.html
4lw2N,olx,business,new building,Tashkent Region,Yakkasaray District,4.0,,,108.0,4.0,8.0,brick,separate,,,2+ bathrooms,1.0,euro renovation,0.0,,"Entertainment, Bus Stop, School, Supermarket, Shops, Restaurant, Cafe, Playground, Park, Green Area, Kindergarten, Hospital, Clinic, Parking",1,240000.0,USD,02/05/2026,Описание Продаётся квартира ЖК Dream House #Яккасарайский район Ор-р: 8 роддом 4/4/10 Евроремонт 108м² Укомплектована Цена: 240.000 у.е. 2.9 млрд.сум +998770033129,2026-05-02,https://www.olx.uz/d/obyavlenie/srochnaya-prodazha-4h-kom-108m2-zhk-dream-house-8-roddom-glinka-ID4lw2N.html
4l2eK,olx,private,new building,Tashkent Region,Chilanzar District,4.0,150.0,18.0,150.0,1.0,9.0,brick,separate,2023.0,3.1,2+ bathrooms,1.0,euro renovation,0.0,Internet,"Hospital, Clinic, School, Playground, Kindergarten, Bus Stop, Park, Green Area, Entertainment, Restaurant, Cafe, Parking, Supermarket, Shops",0,180000.0,USD,02/05/2026,Описание Отличное место расположение всё шаговой доступности первый этаж дуплекс частично мебелью высокие потолки стены кирпич пол монолит учтеплённые стены тёплый пол,2026-05-02,https://www.olx.uz/d/obyavlenie/chilanzar-14-kvartal-novostroyka-ID4l2eK.html
4lw2K,olx,business,new building,Tashkent Region,Mirabad District,2.0,,,51.0,5.0,16.0,brick,separate,,,combined,0.0,shell and core,0.0,,"Entertainment, Bus Stop, School, Supermarket, Shops, Restaurant, Cafe, Playground, Park, Green Area, Kindergarten, Hospital, Clinic, Parking",1,77000.0,USD,02/05/2026,"Описание ЖК O’z Makon 2/5/16 Мирабадский район Ориентир: Переушка мост, Фаргона Йули, Узбум Застройщик: Golden House 2-я линия Общая площадь: 51 м2 Состояние: whitebox Кадастр апрель Вид на Альфраганус Цена: 77.000$ +998770033129",2026-05-02,https://www.olx.uz/d/obyavlenie/srochnaya-prodazha-2h-kom-51m2-zhk-oz-makon-fargona-yuli-uzbum-ID4lw2K.html
4bDdn,olx,business,resale,Tashkent Region,Mirzo-Ulugbek District,3.0,,,68.0,4.0,4.0,panel,Смежно-раздельная,,2.85,separate,0.0,average condition,0.0,,,1,65000.0,USD,02/05/2026,Описание 3 комнатная квартира в панельном доме. Рядом Институт Культуры. Картельная. Дополнительная информация по телефону 933988961 901745890,2026-05-02,https://www.olx.uz/d/obyavlenie/3-komnatnaya-kvartira-yalangach-institut-kultury-ID4bDdn.html
4myBi,olx,private,resale,Tashkent Region,Yashnabad District,2.0,49.0,12.0,53.0,1.0,2.0,brick,separate,1989.0,3.0,separate,1.0,average condition,0.0,"Internet, Telephone, Refrigerator, Washing Machine, Kitchen","Hospital, Clinic, Playground, Kindergarten, Bus Stop, Park, Green Area, Entertainment, Restaurant, Cafe, Supermarket, Shops, School",1,29000.0,USD,02/05/2026,Описание Продаётся 2х комнатная квартира в хорошем состоянии Красногорске причина продажа купить 3х комнатную квартиру или обменять.Квартире есть холодная и горячая вода.Соседи хорошие! Кому интересно звоните по номеру телефона 99)485-12-88,2026-05-02,https://www.olx.uz/d/obyavlenie/kvartira-krasnogorsk-ID4myBi.html
4lUZf,olx,private,,Bukhara Region,Bukhara,3.0,87.0,20.0,100.0,1.0,5.0,brick,separate,2017.0,3.0,separate,1.0,euro renovation,1.0,"Internet, Telephone, Refrigerator, TV, Air Conditioning, Cable TV, Washing Machine, Kitchen, Balcony","Hospital, Clinic, Playground, Kindergarten, Bus Stop, Park, Green Area, Entertainment, Restaurant, Cafe, Parking, Supermarket, Shops, School",0,350.0,USD,02/05/2026,"Описание Квартира 3 хона 1 этаж. ремонт килинган, барча жихозлари бор. Карвон бозор, мед.инст, Самарканд дарвоза якин. Бокий бухоро парки олдида, ориентир эски РМЗ, Турбаза. Вобкент кучаси 50 уй",2026-05-02,https://www.olx.uz/d/obyavlenie/3-honali-uy-1-kavat-izharaga-3-h-komnatnoe-1-etazh-arenda-ID4lUZf.html
4lw2I,olx,business,resale,Tashkent Region,Yunusabad District,3.0,,,115.0,3.0,4.0,brick,separate,,,2+ bathrooms,1.0,euro renovation,0.0,,"Entertainment, Bus Stop, School, Supermarket, Shops, Restaurant, Cafe, Playground, Park, Green Area, Kindergarten, Hospital, Clinic, Parking",1,173000.0,USD,02/05/2026,"Описание Спецплан 3/3/4 Юнусабадский район Метро Минор, Гидрометцентр Площадь: 115 м2 Два балкона Два санузла Гардеробная С ремонтом Мебель и техника Цена: 173.000$/торг +998770033129",2026-05-02,https://www.olx.uz/d/obyavlenie/srochnaya-prodazha-3h-kom-115m2-spets-plan-metro-minor-gidromettsentr-ID4lw2I.html
4lhY6,olx,private,resale,Tashkent Region,Sergeli District,1.0,17.0,12.0,38.0,5.0,9.0,brick,separate,2025.0,3.0,combined,1.0,,0.0,"Internet, Telephone, Cable TV, Kitchen, Balcony","Hospital, Clinic, School, Playground, Kindergarten, Bus Stop, Park, Green Area, Entertainment, Restaurant, Cafe, Parking, Supermarket, Shops",1,43500.0,USD,02/05/2026,"Описание INDЕX бозори ёнида  Грин ховс янги домидан  1/5/9/-кават  38м² уй сотилади. Шкарный  ремонт к,илинган. Уй сотишга тайёр срази калит берилади.сотиб олган мазза килиб яшайди. Эшик, газ плата хаммасини замановийларидан тоззасидан куйилган ....",2026-05-02,https://www.olx.uz/d/obyavlenie/sergeli-indx-grin-hovs-domidan-1-hona-5-kavot-uy-sotiladi-ID4lhY6.html
3LEZs,olx,private,resale,Tashkent Region,Кибрай,2.0,38.0,18.0,72.0,1.0,2.0,,adjacent,,2.7,separate,0.0,average condition,0.0,"Cable TV, Internet, Balcony, Kitchen","Kindergarten, School, Hospital, Clinic, Supermarket, Shops, Parking, Bus Stop",0,34500.0,USD,02/05/2026,Описание Кибрайский район Поселок майский 2-комнат 1-этаж 2-этажка 72 квадрат метр 35.000 договоримся Тел:88.720.20.26 Тел :903934541,2026-05-02,https://www.olx.uz/d/obyavlenie/prodaetsya-kvartiru-ID3LEZs.html
4mA83,olx,business,resale,Tashkent Region,Yashnabad District,2.0,,,46.0,4.0,4.0,panel,separate,,,separate,1.0,euro renovation,0.0,"Internet, Kitchen, Balcony","Hospital, Clinic, School, Playground, Kindergarten, Bus Stop, Park, Green Area, Entertainment, Restaurant, Cafe, Parking, Supermarket, Shops",0,53600.0,USD,02/05/2026,"Описание Своя Кадышева базар недалеко Слонима—1 Полноценная 2х комнатная квартира Кадышева скорая помощь недалеко 2комн/4/4 2—комнатная квартира На 4—этаже 4—этажный дом Евро ремонт свежий после ремонта никто не жил Комнаты раздельные Сан/узел раздельный Балкон 1,5×3м Общая площадь: 46 кв.м Ориентир: Кадышева базар, Асалобод—1, скорая помощь, метро Чкалова недалеко Цена:  53,6 тыс& Абдувосит",2026-05-02,https://www.olx.uz/d/obyavlenie/kadysheva-adzhu-2komn-evro-46m2-4et-1-53m-razdeln-komn-ID4mA83.html
4m2lH,olx,business,,Tashkent Region,Mirzo-Ulugbek District,5.0,100.0,,240.0,1.0,1.0,brick,separate,2000.0,,separate,1.0,designer renovation,0.0,"Internet, Telephone, Refrigerator, TV, Cable TV, Washing Machine, Kitchen, Balcony","Hospital, Clinic, Playground, Kindergarten, Bus Stop, Park, Green Area, Entertainment, Restaurant, Cafe, Parking, Supermarket, Shops, School",0,800.0,USD,01/05/2026,"Описание Convenient for foreigners. Quiet neighborhood, affordable prices. A rental agreement is provided. The important thing is to keep it clean and live in peace. 2 km from the new Uzbekistan park. Very safe area. 10 people can live there. Дурмон Хайдаробод МФЙ марказида 5 хонали участка узок муддатли ижарага берилади. Сув, свет, газ ва каналициядан муаммо ек. Мактаб, богча, дукон ва бошка барча  кулайликлар якин масофада жойлашган. Янги Узбекистон богига 3 км масофада жойлашган",2026-05-02,https://www.olx.uz/d/obyavlenie/dolgosrochnaya-arenda-long-term-period-ID4m2lH.html
4igVz,olx,private,,Samarkand Region,Samarkand,3.0,50.0,20.0,76.0,2.0,7.0,brick,Малосемейка,2017.0,3.2,separate,1.0,euro renovation,0.0,"Kitchen, TV, Balcony, Air Conditioning, Internet, Cable TV, Telephone, Washing Machine, Refrigerator","Restaurant, Cafe, Kindergarten, Parking, Bus Stop, Hospital, Clinic, Supermarket, Shops, Park, Green Area, School, Entertainment, Playground",1,500.0,USD,30/04/2026,Описание Здается 2х комнатная квартира на 2м золотом этаже зелёный дом кирпичный дом в районе Вагзал заде саодат рестаран квартира с ремонтом и мебелью. Плошадь 76м/ кв. Ориентир: вагзал 24 чиса магазин.,2026-05-02,https://www.olx.uz/d/obyavlenie/sdaetsya-2h-komnatnaya-2-etazhe-vagzal-saodat-ID4igVz.html
3XEVG,olx,private,resale,Tashkent Region,Sergeli District,3.0,,,80.0,1.0,9.0,panel,separate,2000.0,3.0,separate,1.0,average condition,0.0,"Internet, Telephone, Refrigerator, TV, Air Conditioning, Cable TV, Washing Machine, Kitchen, Balcony","Hospital, Clinic, School, Playground, Kindergarten, Bus Stop, Park, Green Area, Entertainment, Restaurant, Cafe, Parking, Supermarket, Shops",1,77000.0,USD,01/05/2026,"Описание Срочно продам свою трехкомнатную квартиру в районе Янгиҳаёт. В квартире есть кондиционер, стиральная машина, домашний телефон, интернет, телевизор – всё необходимое для комфортного проживания.",2026-05-02,https://www.olx.uz/d/obyavlenie/prodaetsya-kvartira-ID3XEVG.html
4mC0n,olx,business,resale,Tashkent Region,Shaykhantakhur District,3.0,,,68.0,4.0,4.0,brick,Смежно-раздельная,,,separate,0.0,needs renovation,0.0,Balcony,"Playground, Kindergarten, Bus Stop, Park, Green Area, Entertainment, Restaurant, Cafe, Parking, Supermarket, Shops, School",1,75998.0,USD,02/05/2026,Описание Ц-13 (Лабзак) #3комнатная 3/4/4 кирпич Балкон 2*6 Комната смежно/разделка С/уз раздельный Без ремонта Ориентир: Клиника Медион Цена:76.000$,2026-05-02,https://www.olx.uz/d/obyavlenie/prodaetsya-kvartira-na-ts-13-3komnatnaya-klinika-medion-ID4mC0n.html
49bVu,olx,private,,Samarkand Region,Лаиш,2.0,65.0,,10.0,1.0,5.0,brick,Многоуровневая,2017.0,3.0,combined,1.0,euro renovation,1.0,"Internet, Telephone, Refrigerator, TV, Air Conditioning, Cable TV, Washing Machine, Kitchen, Balcony","Hospital, Clinic, School, Playground, Kindergarten, Bus Stop, Park, Green Area, Entertainment, Restaurant, Cafe, Parking, Supermarket, Shops",0,4000000.0,UZS,02/05/2026,"Описание Samarqand shahar Qorasuv massiv 2 xonali 1 etaj barcha sharoiti bor xoladilnik, Kir moshinka, kandetsioner, mebil jixozlari, wi-fi 400$ faqat oilaga 932380077 995915771",2026-05-02,https://www.olx.uz/d/obyavlenie/bez-agestvo-ijaraga-uy-srochna-ID49bVu.html
4mfG4,olx,business,,Tashkent Region,Yunusabad District,1.0,,,37.0,2.0,4.0,panel,separate,1989.0,,separate,1.0,average condition,1.0,"Internet, Telephone, Refrigerator, TV, Air Conditioning, Cable TV, Washing Machine, Kitchen, Balcony","Hospital, Clinic, School, Playground, Kindergarten, Bus Stop, Park, Green Area, Entertainment, Restaurant, Cafe, Parking, Supermarket, Shops",0,400.0,USD,02/05/2026,Описание Срочно сдаю 1-комнатная переделанная 2-х комнатную квартиру.Для семейной пары с одним ребенком или Одиноким Иностранцам на длительный срок.Фото Реальные. Риэлторские услуги 50% +998998219559 +998958219559,2026-05-02,https://www.olx.uz/d/obyavlenie/srochno-sdayu-yunusabad-15-metro-turkistan-1-2-2-4-ID4mfG4.html
4mxdG,olx,private,resale,Tashkent Region,Uchtepa District,2.0,,,62.0,1.0,4.0,,,,2.8,combined,1.0,average condition,0.0,"Internet, Telephone, Refrigerator, TV, Air Conditioning, Cable TV, Washing Machine, Kitchen, Balcony","Hospital, Clinic, Playground, Kindergarten, Restaurant, Cafe, Parking, Supermarket, Shops, School",1,102000.0,USD,30/04/2026,"Описание Улучшеная планировка. Свой полсадник ,ухоженый. Продажа с мебелью . Соседи очень дружелюбные.",2026-05-02,https://www.olx.uz/d/obyavlenie/2-h-komnatnaya-kvartira-62k2-ID4mxdG.html
4jIOE,olx,private,,Tashkent Region,Yunusabad District,3.0,64.0,,64.0,2.0,9.0,panel,,,,separate,1.0,euro renovation,1.0,"Internet, Telephone, Refrigerator, TV, Air Conditioning, Cable TV, Washing Machine, Kitchen","Hospital, Clinic, School, Playground, Bus Stop, Park, Green Area, Entertainment, Restaurant, Cafe, Supermarket, Shops",0,1000.0,USD,01/05/2026,"Описание Сдается уютная и светлая 3-комнатная квартира в Шайхонтахурском районе города Ташкент. Квартира расположена на 2 этаже 9-этажного дома с лифтом. В квартире сделан современный евроремонт, есть вся необходимая мебель и бытовая техника для комфортного проживания. Комнаты просторные и удобные для семьи. Отличная локация: рядом метро школа парк магазины и вся необходимая инфраструктура Без домашних животных. Квартира готова к заселению. Звоните для получения дополнительной информации и просмотра. Тел: +998985001773,  +998 88 2187464",2026-05-02,https://www.olx.uz/d/obyavlenie/sdaetsya-v-arendu-v-tsentre-goroda-ID4jIOE.html
4lWbg,olx,private,,Tashkent Region,Yunusabad District,4.0,60.0,20.0,86.0,2.0,5.0,panel,separate,1989.0,2.8,separate,1.0,euro renovation,1.0,"Balcony, Air Conditioning, Cable TV, Internet, Washing Machine, Refrigerator, Kitchen, TV","Kindergarten, School, Parking, Playground, Hospital, Clinic, Supermarket, Shops",1,700.0,USD,30/04/2026,Описание Сдаётся квартира 4/2/5  на долгий срок Со всеми удобствами для комфортного проживания Юнусобод 16 квартал 7 дом второй этаж 4х комната с поркофкой,2026-05-02,https://www.olx.uz/d/obyavlenie/sdaetsya-kvartira-4-2-5-ID4lWbg.html
4lwkw,olx,private,,Khorezm Region,Ургенч,3.0,49.0,10.0,62.0,3.0,4.0,brick,separate,2000.0,2.8,separate,0.0,average condition,0.0,"Refrigerator, TV, Air Conditioning, Washing Machine, Kitchen, Balcony","Hospital, Clinic, School, Playground, Kindergarten, Bus Stop, Park, Green Area, Entertainment, Restaurant, Cafe, Parking, Supermarket, Shops",0,2800000.0,UZS,02/05/2026,"Описание Ургенч шахар марказида мед институтга якин бозорам якин шовот канали буйида 3 каватда 3 хонали квартира узок муддатга ижарага берилади, тоза саклаб утирадовун одамлара, оила студент фарки йук, ижара пули 2.800.000 келишилади, +998882991184",2026-05-02,https://www.olx.uz/d/obyavlenie/kvartira-izharaga-beriladi-ID4lwkw.html
3nWuH,olx,private,resale,Samarkand Region,Samarkand,5.0,86.0,12.0,100.0,4.0,4.0,panel,separate,1989.0,2.5,separate,0.0,,0.0,"Kitchen, Balcony","Hospital, Clinic, Playground, Kindergarten, Bus Stop, Park, Green Area, Entertainment, Restaurant, Cafe, Parking",0,900000000.0,UZS,02/05/2026,"Описание 5 хона 6 хона килинган квартира сотилади .4этаж 4 этажлик домда уртада жойлашган.Самарканд ш.Буюк Ипак Йули 73 дома жойлашган.Агробраво супермаркет рупарасида страда кафе ёнида жойлашган.50 мактаб ёнида.Локация жойи Зур ва кулай жойлашган.Мактаб, магазин, супермаркет, ресторан,кафе,богчалар Якин жойда.Нахт ёки ипотека кредитга сотилади.Бартер обмен бор . Продаётся своя 5 комнатная квартира переделанная в 6 комнатную.Установлены новые двери и сантехника.Ремонт старый надо освежить .Хорошая локация близко к дороге . Всё что нужно находится рядом.Школы детские сады, магазины, кафе, рестораны,супермаркеты,салоны,банки находятся рядом.Адрес г Самарканд улица Буюк Ипак Йули 73 дом.Форма оплаты любая:наличными, ипотечный кредит,бартер,обмен.Звоните уточняйте.Телефон 901903921",2026-05-02,https://www.olx.uz/d/obyavlenie/6-honalik-kvartira-samarkand-shaharda-naht-eki-ipoteka-kreditga-sot-agr-ID3nWuH.html
4mBZL,olx,private,,Tashkent Region,Shaykhantakhur District,2.0,56.0,3.0,62.0,6.0,9.0,panel,separate,,3.0,separate,1.0,designer renovation,1.0,"Internet, Telephone, Refrigerator, TV, Air Conditioning, Cable TV, Washing Machine, Kitchen, Balcony","Hospital, Clinic, Playground, Kindergarten, Bus Stop, Park, Green Area, Entertainment, Restaurant, Cafe, Parking, Supermarket, Shops, School",0,550.0,USD,02/05/2026,Описание Tel 97 114-44-08 ijaraga 2 honalik uy beriladi honalari keng va alohida uy ichida barcha sharoyitlari bor atrofida bohcha maktab dokon mavjud transpirt qatnovi chorsu bozor qoratosh jar komleks yaqin qule chikish moljal gulabod,2026-05-02,https://www.olx.uz/d/obyavlenie/arenda-chorsu-2-hona-ID4mBZL.html
3SXeV,olx,business,,Tashkent Region,Mirzo-Ulugbek District,1.0,22.0,15.0,33.0,1.0,4.0,panel,studio,1989.0,3.0,combined,1.0,,1.0,"Internet, Refrigerator, TV, Air Conditioning, Washing Machine, Kitchen",,0,600.0,USD,02/05/2026,"Описание Сдается 1 ком квартира на Карасув 2 дом 40. 1 этаж Новый евро ремонт, мебель и оборудование. Небольшой семье.",2026-05-02,https://www.olx.uz/d/obyavlenie/sdaetsya-1-kom-studiya-karasuv-2-ID3SXeV.html
3It0w,olx,private,,Tashkent Region,Yashnabad District,4.0,100.0,12.0,92.0,5.0,5.0,panel,separate,2010.0,3.5,separate,1.0,euro renovation,1.0,"Internet, Telephone, Refrigerator, TV, Air Conditioning, Kitchen, Balcony","School, Playground, Kindergarten, Bus Stop, Park, Green Area, Restaurant, Cafe, Supermarket, Shops",1,1300000.0,UZS,02/05/2026,"Описание Квартирага боллани куяман,  1.300 000 дан. Факат угил боллага.  Мажнунтол кафе оркасида. Ремонт евро, янги,wifi, кондиционер,Кир мошина,хамма шароити бор Дустлик метрога 10 минутлик йул. Хозяйкалик.",2026-05-02,https://www.olx.uz/d/obyavlenie/kvartiraga-ishlaydigan-bolla-kuyaman-ID3It0w.html
4lSbV,olx,business,new building,Tashkent Region,Yashnabad District,2.0,,,75.0,7.0,9.0,brick,,,,,0.0,shell and core,0.0,,,0,93000.0,USD,02/05/2026,Описание Продаётся 2 х комнатная квартира Коробка Площадь 75 м2 С кадастром Сквозная планировка Дом кирпичный Закрытый двор Цена:93.000 уе,2026-05-02,https://www.olx.uz/d/obyavlenie/2-7-9-zhk-poytaht-residents-parkentskiy-ul-mahtumkuli-korobka-75-m2-ID4lSbV.html
4hxyS,olx,private,resale,Tashkent Region,Shaykhantakhur District,4.0,110.0,15.0,110.0,1.0,4.0,brick,Смежно-раздельная,2010.0,3.0,2+ bathrooms,1.0,euro renovation,0.0,"Balcony, TV, Cable TV, Internet, Washing Machine, Telephone, Kitchen, Refrigerator","Restaurant, Cafe, Kindergarten, Parking, Bus Stop, Hospital, Clinic, Supermarket, Shops, Park, Green Area, School, Entertainment, Playground",0,184999.0,USD,02/05/2026,Описание Drujba narodov 34 maktab oldida 4 Etajli domni 1-etajida joylashgan Podval ham mavjud Yengi remont 2ta san uzel 3+1 xonadan iborat Tel: 99871 2455307 99890 9436974,2026-05-02,https://www.olx.uz/d/obyavlenie/druzhba-spets-plan-sovmin-3-1-4-ID4hxyS.html
4lbl3,olx,business,resale,Tashkent Region,Yunusabad District,2.0,72.0,3.0,80.0,8.0,8.0,panel,separate,,3.0,separate,1.0,euro renovation,0.0,"Internet, Telephone, Refrigerator, TV, Air Conditioning, Cable TV, Washing Machine, Kitchen, Balcony","Hospital, Clinic, Playground, Kindergarten, Bus Stop, Park, Green Area, Entertainment, Restaurant, Cafe, Parking, Supermarket, Shops, School",0,92500.0,USD,02/05/2026,Описание Прадаётса юнсабад 13 Kalichistva komnat 2 Etaj 8 Etaj doma 8 Planirovka razdelni Sanuzel razdelni Kvadrat 80 Navastroyka Arintir pitushok +998338828228,2026-05-02,https://www.olx.uz/d/obyavlenie/pradaetsa-yunsabad-13kv-svaya-ID4lbl3.html
4myIm,olx,business,resale,Tashkent Region,Mirzo-Ulugbek District,3.0,,,68.0,2.0,5.0,brick,separate,,,separate,1.0,,0.0,,,1,105000.0,USD,02/05/2026,"Описание Вторичка 3/2/5 2х6 кирпич 68м2 Мирзо Улугбексикй район У метро Буюк Ипак Йули Максим Горький, ориентир KFC , Аптека 36,6 ул. Лафарга (Чуст) Комнат: 3 Этаж: 2 Этажность: 5 Общая площадь 68м2 Раздельные комнаты с Мебелью и Техникой, Лоджия 2х6 , кирпичный дом , есть парковочное место",2026-05-02,https://www.olx.uz/d/obyavlenie/3-2-5-2h6-68m2-kirpich-u-metro-buyuk-ipak-yuli-maksim-gorkiy-biy-ID4myIm.html
4lSbv,olx,business,new building,Tashkent Region,Mirzo-Ulugbek District,1.0,,,39.0,16.0,16.0,brick,,,,,1.0,euro renovation,0.0,,,0,71500.0,USD,02/05/2026,"Описание Продаётся 1 х комнатная квартира Площадь 39 м2 Новый ремонт мебель техника Закрытый двор На территории комплекса кинотеатр,спорт зал Детская площадка Цена:71.500 уе",2026-05-02,https://www.olx.uz/d/obyavlenie/1-16-16-zhk-botanica-saroyi-yalangach-orientir-nalogovaya-novostroyka-39-m-ID4lSbv.html
3hTrl,olx,private,,Tashkent Region,Мирабад,3.0,78.0,10.0,78.0,1.0,5.0,panel,separate,2000.0,3.0,separate,1.0,euro renovation,0.0,,,0,1000000.0,UZS,30/04/2026,"Описание Faqat o‘g‘il bolalar uchun. 1 oyga 1 000 000 so‘m. Maklarskiy yo‘q, kommunal to‘lovlar ham yo‘q, shu pulni ichida. Barcha sharoit va texnika bor. Qo‘yliq 6-massivda. Metroning Tolariq bekati yonida. Amaliy fanlar institutiga yaqin. 905225577",2026-05-02,https://www.olx.uz/d/obyavlenie/ogil-bollaga-bez-makler-kvartira-qoyliq-ID3hTrl.html
3fcvD,olx,business,,Samarkand Region,Samarkand,2.0,55.0,5.0,55.0,2.0,5.0,brick,separate,2016.0,3.0,combined,1.0,designer renovation,1.0,"Kitchen, TV, Balcony, Air Conditioning, Internet, Cable TV, Telephone, Washing Machine, Refrigerator","Restaurant, Cafe, Kindergarten, Parking, Bus Stop, Hospital, Clinic, Supermarket, Shops, Park, Green Area, School, Entertainment, Playground",1,400.0,USD,01/05/2026,Описание Очень хороший раен спакойние соседи ремонт авторский звходи живи газ свет вода постояный звоните будем рады помоч +998 95-383-84-24,2026-05-02,https://www.olx.uz/d/obyavlenie/sdaetsya-2h-komnotnaya-kvartira-v-tsentre-samarkanda-s-vsemi-udobstvami-ID3fcvD.html
4mp0o,olx,private,resale,Tashkent Region,Yunusabad District,4.0,,,65.68,2.0,4.0,panel,Смежно-раздельная,,3.0,separate,1.0,euro renovation,0.0,"Refrigerator, TV, Washing Machine, Kitchen, Balcony","Playground, Kindergarten, Bus Stop, Supermarket, Shops, School",1,85000.0,USD,01/05/2026,"Описание Срочно продается квартира с ремонтом в Юнусабадском районе 11 квартал. Отличная локация: В шаговой доступности Метро, Базар Сразу за домом ТРЦ Мегапланет. Можно заехать и жить без дополнительных вложений.",2026-05-02,https://www.olx.uz/d/obyavlenie/prodaetsya-svoya-4-komnatnaya-kvartira-yunusabad-11-nbu-bank-srochno-ID4mp0o.html
42rbI,olx,private,new building,Republic of Karakalpakstan,Нукус,4.0,,,600.0,1.0,1.0,brick,separate,,,,1.0,euro renovation,1.0,"Internet, Telephone, Kitchen",,1,180000000.0,UZS,02/05/2026,Описание Нокис каласы Коскол 3 жолға жакын 4 ханалы уй сатылады. Баҳасы келисимли 180 млн кайтымы бар,2026-05-02,https://www.olx.uz/d/obyavlenie/assalauma-aleykum-ID42rbI.html
4mBZq,olx,private,,Tashkent Region,Shaykhantakhur District,400.0,52.0,3.0,62.0,1.0,4.0,panel,separate,,3.0,separate,0.0,average condition,1.0,"Internet, Telephone, Refrigerator, TV, Cable TV, Kitchen, Balcony","Hospital, Clinic, Playground, Kindergarten, Bus Stop, Park, Green Area, Entertainment, Restaurant, Cafe, Parking, Supermarket, Shops, School",0,400.0,USD,02/05/2026,Описание Tel 97 114-44-08 ijaraga chorsu gulabod da 2 honali uy beriladi honalari keng va alohida uy ichida tv haladilnik gilam bor remont orta atrofida bohcha maktab dokon mavjud transpirt qatnovi chorsu bozor jar kompleks 1 gor balnitsa guncha yaqin qule chikish moljal gulabod,2026-05-02,https://www.olx.uz/d/obyavlenie/arenda-chorsu-gulabod-2hona-1-etaj-ID4mBZq.html
4lLG5,olx,private,resale,Tashkent Region,Эшангузар,2.0,30.0,10.0,44.0,4.0,4.0,brick,separate,1989.0,2.8,separate,0.0,euro renovation,0.0,"Cable TV, Kitchen, Balcony","School, Restaurant, Cafe, Parking, Supermarket, Shops",1,55800.0,USD,02/05/2026,Описание 2 хонали 3 хона килинган 2/4/4 Евроремонт Банк кредитга булади,2026-05-02,https://www.olx.uz/d/obyavlenie/algoritm-uy-sotiladi-ID4lLG5.html
4lSbf,olx,business,resale,Tashkent Region,Mirzo-Ulugbek District,3.0,,,64.0,4.0,5.0,brick,,,,,0.0,average condition,0.0,,,0,64000.0,USD,02/05/2026,Описание Продаётся 2 в 3 х комнатная квартира Площадь 64 м2 Дом кирпичный Балкон 2*6 и 2*3 Состояние на фото Хорошая локация Цена:64.000 уе,2026-05-02,https://www.olx.uz/d/obyavlenie/2v3-4-5-mirzoulugbekskiy-r-n-m-feruza-eko-bazar-kirpich-64-m2-2-balkona-ID4lSbf.html
4iTCH,olx,private,resale,Samarkand Region,Samarkand,4.0,117.0,117.0,117.0,2.0,6.0,brick,separate,2019.0,4.0,separate,0.0,euro renovation,0.0,"Balcony, Cable TV, Kitchen, Internet","Restaurant, Cafe, Kindergarten, Parking, Bus Stop, Hospital, Clinic, Supermarket, Shops, Park, Green Area, School, Entertainment, Playground",1,110000.0,USD,02/05/2026,Описание Vokzal park oldida yangi qurilgan 2 etajdan 4 xonali uy sotiladi,2026-05-02,https://www.olx.uz/d/obyavlenie/3-xonali-uy-sotiladi-zur-lokatsiyadan-vokzal-park-oldida-ID4iTCH.html
4iVVE,olx,private,resale,Tashkent Region,Chilanzar District,3.0,45.0,,90.0,8.0,9.0,panel,separate,1989.0,2.9,separate,0.0,needs renovation,0.0,,"Hospital, Clinic, School, Playground, Kindergarten, Bus Stop, Entertainment, Restaurant, Cafe, Parking, Supermarket, Shops",0,80000.0,USD,02/05/2026,"Описание Продается трехкомнатная квартира в Чилонзарском районе на 8-м этаже. Главная особенность — обилие естественного света. Высокий этаж обеспечивает отличный обзор. Просторные комнаты, где у каждого члена семьи будет свое место. ​Чистый, ухоженный подъезд без посторонних запахов. ​Лифт работает исправно. ​Благоустроенный двор с детской площадкой и местами для парковки. Состояние: Под ремонт",2026-05-02,https://www.olx.uz/d/obyavlenie/prostornaya-i-svetlaya-3k-kvartira-ID4iVVE.html
3zmeh,olx,private,,Tashkent Region,Shaykhantakhur District,1.0,30.0,,41.0,2.0,4.0,brick,separate,,,combined,1.0,euro renovation,1.0,"Refrigerator, Air Conditioning, Cable TV, Washing Machine, Kitchen","Hospital, Clinic, Playground, Bus Stop, Entertainment, Restaurant, Cafe, Parking, Supermarket, Shops, School",0,450.0,USD,02/05/2026,Описание Срочно здам квартиру после евра ремонта на длительный срок акуратной СЕМЕ без детей,2026-05-02,https://www.olx.uz/d/obyavlenie/srochna-zdam-kvartiru-ID3zmeh.html
4mBZm,olx,private,,Tashkent Region,Shaykhantakhur District,4.0,72.0,3.0,80.0,7.0,12.0,panel,separate,,3.0,separate,1.0,designer renovation,1.0,"Internet, Telephone, Refrigerator, TV, Air Conditioning, Cable TV, Washing Machine, Kitchen, Balcony",,0,500.0,USD,02/05/2026,Описание Tel 97 114-44-08 ijaraga 4 honalik uy beriladi honalari keng va alohida uy ichida barcha sharoyit quleliklari bor atrofida bohcha maktab dokon bor chorsu bozor ohtepa krug qoratosh nurafshon yo yaqin qule chikish moljal s darvoza,2026-05-02,https://www.olx.uz/d/obyavlenie/arenda-samarqan-darvoza-4-hona-ID4mBZm.html
4fcof,olx,private,,Tashkent Region,Yashnabad District,2.0,51.0,,51.0,7.0,10.0,brick,separate,,,combined,1.0,designer renovation,0.0,"Internet, Refrigerator, TV, Air Conditioning, Washing Machine, Kitchen","Hospital, Clinic, School, Playground, Kindergarten, Bus Stop, Park, Green Area, Entertainment, Restaurant, Cafe, Supermarket, Shops",1,1000.0,USD,02/05/2026,"Описание Сдаю новую 2- комнатную квартиру студийной планировки в элитном ЖК Sky Buildings на 7 этаже. Площадь 51.0 м2. Новый Евроремонт. Квартира оснащена  современной техникой и мебелью. Без посредников. Комнат: 2 Этаж: 7 Этажность: 10 Площадь: 51 кв.м. Кондиционер: Есть Кухонная гарнитура и техника: Есть Стиральная машина: Есть Ремонт: Авторский проект Рядом есть: Больница, Детский национальный медицинский центр, Рестораны - Кафе, Клиники, Школы, детские сады, Супермаркеты и Магазины в шаговой доступности. Цена: 1000 $ Для подробной информации звонить: +998334080000 - Владелец Умид",2026-05-02,https://www.olx.uz/d/obyavlenie/sdayu-kvartiru-v-elitnom-zhk-ID4fcof.html
4gckg,olx,private,new building,Kashkadarya Region,Карши,3.0,100.0,15.0,100.0,4.0,4.0,brick,separate,2018.0,3.5,separate,1.0,euro renovation,0.0,"Internet, Telephone, Refrigerator, TV, Air Conditioning, Washing Machine, Kitchen","School, Playground, Kindergarten, Bus Stop, Park, Green Area, Entertainment, Restaurant, Cafe, Parking, Supermarket, Shops",0,810000000.0,UZS,02/05/2026,"Описание Квартира 3 зона 100 кв Хамма жихозлар бор. Телевизор, холодильник, зимо лето, автомат кирмашина, спальня мебель, кухня мебель, колин, гилам, парда хаммаси бор. 912330888,996686761",2026-05-02,https://www.olx.uz/d/obyavlenie/karshi-sh-markazida-kvartira-sotiladi-zur-zhoyda-ID4gckg.html
47efI,olx,business,,Tashkent Region,Shaykhantakhur District,3.0,,,115.0,5.0,8.0,,separate,,,2+ bathrooms,1.0,designer renovation,1.0,,,1,1200.0,USD,01/05/2026,"Описание Шайхантахурский район Ташкент Сити Жк Gardend 3/5/8 115м2 Авторский проект, новая квартира! Все условия имеются чтобы заехать и жить Развитая инфраструктура, все в пошаговой доступности! Все остальные подробности можете узнать по телефону! Телефон для связи: +998 95 252 22 25 Имеется огромная база для подбора квартир по вашему вкусу!",2026-05-02,https://www.olx.uz/d/obyavlenie/tashkent-city-gardens-novaya-3h-komnatnaya-kvartira-vid-na-park-ID47efI.html
4mwts,olx,private,new building,Tashkent Region,Yakkasaray District,2.0,55.4,,57.0,9.0,23.0,monolith,studio,2025.0,3.0,combined,1.0,designer renovation,0.0,"Internet, Telephone, Refrigerator, TV, Air Conditioning, Washing Machine, Kitchen, Balcony","Hospital, Clinic, Playground, Kindergarten, Bus Stop, Park, Green Area, Entertainment, Restaurant, Cafe, Parking, Supermarket, Shops, School",1,217000.0,USD,29/04/2026,"Описание Продаётся 2-комнатная квартира с уже выстроенным арендным потоком. Объект не пустой — приносит стабильный ежемесячный доход. Финансы: Доход от аренды: 1 800 – 2 000 $ / месяц Ориентировочная доходность: ~10% годовых Арендатор(ы) стабильные, без просрочек (по факту уточняется) Возможность продлить аренду или пересдать. Об объекте: 2-комнатная квартира Новый ремонт Полностью готова к сдаче или проживанию Ликвидная планировка. Локация: ЖК Modera towers Яккасарайский район улица Шота Руставели 19. Формат сделки: Подходит для инвестора, который хочет готовый денежный поток Можно продолжить сдачу без паузы Подходит как долгосрочный актив. Просмотр: Показы только для заинтересованных покупателей Готовы обсуждать детали при реальном интересе и понимании сделки",2026-05-02,https://www.olx.uz/d/obyavlenie/prodaetsya-gotovyy-arendnyy-aktiv-s-dohodnostyu-10-godovyh-ID4mwts.html
4mqv9,olx,private,,Tashkent Region,Мирабад,4.0,70.0,12.0,120.0,12.0,25.0,brick,,,,2+ bathrooms,1.0,,1.0,,,1,2000.0,USD,01/05/2026,Описание Аренда кв 4 комнатной кв и парковочного место можно за отдельную оплату арендовать парковку и кладовку. Несерьёзным не беспокоить!,2026-05-02,https://www.olx.uz/d/obyavlenie/arenda-4-kv-120kv-m2-na-akay-siti-s-garazhom-12m2-i-16-m2-ID4mqv9.html
4dTmu,olx,business,new building,Tashkent Region,Mirzo-Ulugbek District,2.0,,,40.0,10.0,10.0,brick,,,,,1.0,,0.0,,,0,84000.0,USD,01/05/2026,"Описание 2/10/10 Ц-2, новостройка ЖК «Poytaxt Gavhari» закрытый двор, подземный паркинг, арендатор  за 800, кадастр, кирпич, 40 кв., дизайн ремонт, мебель, техника, цена 84000 910146800",2026-05-02,https://www.olx.uz/d/obyavlenie/2-kom-ts-2-alayskiy-ID4dTmu.html
4kATS,olx,private,resale,Tashkent Region,Алмазарский район,2.0,20.0,2.0,38.0,6.0,9.0,panel,separate,1989.0,3.0,combined,1.0,average condition,0.0,,"Hospital, Clinic, School, Playground, Kindergarten, Bus Stop, Park, Green Area, Entertainment, Restaurant, Cafe, Parking, Supermarket, Shops",1,46500.0,USD,01/05/2026,Описание Алмазарский район ц 103 28 квартира улица карасарай однокомнатная квартира переделана на двухкомнатную 38 квадратных метров рядом находится 28 школа 159 школа,2026-05-02,https://www.olx.uz/d/obyavlenie/prodaetsya-srochno-ID4kATS.html
43BKv,olx,business,,Tashkent Region,Mirzo-Ulugbek District,2.0,60.0,,65.0,4.0,12.0,brick,separate,,,combined,1.0,euro renovation,1.0,"TV, Air Conditioning, Washing Machine, Internet, Refrigerator, Telephone, Kitchen",,1,600.0,USD,30/04/2026,Описание 2/4/12 Площадь 65м2 Подробности по телефону,2026-05-02,https://www.olx.uz/d/obyavlenie/sdaetsya-2h-kom-kvartira-v-zhk-nrg-mirzo-ulugbek-ID43BKv.html
3e7dX,olx,private,new building,Tashkent Region,Yashnabad District,3.0,,14.0,57.0,1.0,5.0,brick,separate,2018.0,,separate,0.0,euro renovation,0.0,"Internet, Kitchen","Hospital, Clinic, Playground, Kindergarten, Bus Stop, Park, Green Area, Parking, Supermarket, Shops, School",0,75000.0,USD,02/05/2026,Описание Свежий ремонт. Вокруг посажены деревья. Отдельная с/у. Хороший район. Своя квартира. Узбум Ж/к Обод Макон,2026-05-02,https://www.olx.uz/d/obyavlenie/kvartira-obod-makon-3-1-5-ID3e7dX.html
4gXxI,olx,private,resale,Kashkadarya Region,Карши,2.0,,,45.0,2.0,2.0,panel,,,3.5,combined,1.0,average condition,0.0,"Refrigerator, TV, Air Conditioning, Washing Machine, Kitchen, Balcony","Hospital, Clinic, School, Playground, Kindergarten, Bus Stop, Park, Green Area, Entertainment, Restaurant, Cafe, Parking, Supermarket, Shops",1,285000000.0,UZS,02/05/2026,"Описание Квартира сотилади 45 м² 2 хона + кухня + балкон 2 қаватли уйнинг 2-қавати Газ, сув, свет бор Хужжатлардан муаммо йўқ Шинам ва яшаш учун барча қулайликларга эга. Барча жихоз ва техникалар қолади 9-мактаб, 10-боғча, янги бозор, марка супермаркет бир қадамда #Қарши шахар 1-миттитуман Мўлжал : Чевар ва Умс 9-мактаб томонда. 1 ни йўли олдида",2026-05-02,https://www.olx.uz/d/obyavlenie/sotiladi-bekorchilar-bezovta-kilmang-ID4gXxI.html
41mnN,olx,private,resale,Tashkent Region,Алмазарский район,2.0,37.0,8.0,54.0,1.0,9.0,panel,separate,1989.0,2.5,separate,1.0,average condition,0.0,"Internet, Telephone, Refrigerator, TV, Air Conditioning, Cable TV, Washing Machine, Kitchen, Balcony","Hospital, Clinic, Playground, Kindergarten, Bus Stop, Park, Green Area, Entertainment, Restaurant, Cafe, Parking, Supermarket, Shops, School",1,125000.0,USD,02/05/2026,"Описание Toshkent shahar markazi , Chorsuga 1 km yaqin  boʻlgan Sebzorda 13 d 1 yoʻlak , 1 qavatda Honadon sotiladi! Faqat ofis qilish uchun tavsiya etiladi! O'zini oqlash muddati taxminan 7-10 yil! Balki undan kamroq dur! Xozir zo'r narx bunaqa lokatsiya bitta! Yangi eski shaharni yoningizda his qiling ! Loyiha boʻyicha  eng koʻp turist tashrif buyuradigan tarixiy  joy bo'lishi kutilmoqda! Hastimom koʻcha va Islom sivilizatsiyasi markazi bilan oraliq omasofa 300m. Oldida kichik bogʻcha va mashinalar toʻxtash uchun joy bor. Ko'ring va ishonch xosil qiling Korzinka 25 m Toshkent city 2.5 km Metro - 800 m",2026-05-02,https://www.olx.uz/d/obyavlenie/islom-sivilizatsiya-markazi-yonida-sebzorda-biznesingiz-uchun-uy-oling-ID41mnN.html
4l6fh,olx,business,resale,Tashkent Region,Sergeli District,2.0,43.8,,43.8,5.0,9.0,panel,Малосемейка,1989.0,,separate,0.0,needs renovation,0.0,,"Hospital, Clinic, Playground, Kindergarten, Bus Stop, Entertainment, Restaurant, Cafe, Supermarket, Shops, School",0,42000.0,USD,02/05/2026,"Описание Продаётся своя 2 комнатная квартира в сергели 4 , без ремонта , метро Турон 2 мин пешком до станции Чинор 8 минут, хорошая удобная локация в доль дороги напротив мечети. По вопросам звонить по номеру +998331403707 Мухлиса.",2026-05-02,https://www.olx.uz/d/obyavlenie/prodaetsya-2-komnatnaya-kvartira-ID4l6fh.html
4lWpf,olx,private,,Tashkent Region,Mirzo-Ulugbek District,2.0,56.0,5.0,62.0,1.0,5.0,panel,adjacent,1989.0,3.8,combined,1.0,euro renovation,1.0,"Internet, Telephone, Refrigerator, TV, Air Conditioning, Cable TV, Washing Machine, Kitchen, Balcony","Hospital, Clinic, Playground, Kindergarten, Bus Stop, Park, Green Area, Entertainment, Restaurant, Cafe, Parking, Supermarket, Shops",0,500.0,USD,02/05/2026,Описание Kvartira 2 xonalik 1 etaj barcha jixozlari bor Mirzo ulugbek yalang'och bozorcha oldiga.,2026-05-02,https://www.olx.uz/d/obyavlenie/kivartira-2-xona-1-etaj-ID4lWpf.html
2rKTt,olx,private,,Tashkent Region,Sergeli District,3.0,80.0,16.0,80.0,2.0,7.0,brick,separate,2017.0,3.0,separate,1.0,euro renovation,1.0,"Refrigerator, Kitchen, Internet, Washing Machine, Air Conditioning, TV, Balcony","School, Park, Green Area, Hospital, Clinic, Bus Stop, Kindergarten, Playground, Supermarket, Shops",0,1000000.0,UZS,02/05/2026,"Описание Student qizlaga oila bilan turishga kvartira Amaliy fanlar, PDP, YODGI, Al Buxoriy Institutlaga yaqin. 2 ta qiz kerak Kir moshina, xolodilnlk telivizor wi-fi kondicioner bor, yulli yuzi, 3-bekatga yaqin. Shartnoma yoq,  Oilaga bollaga berilmaydi +998999730178",2026-05-02,https://www.olx.uz/d/obyavlenie/student-kizlaga-hozyaykali-kvartira-bezmakler-sergeli-3-bekat-ID2rKTt.html
3VPxy,olx,private,resale,Tashkent Region,Yunusabad District,2.0,,,56.0,5.0,9.0,brick,studio,,,combined,1.0,euro renovation,0.0,,,1,82500.0,USD,02/05/2026,"Описание Продается квартира в новостройке "" Комфорт Хаус "" Юнусабад-9 квартал 2/5/9 2х комнатная 4 этаж 9 этажный дом Общая площадь 56 м2 Новый ремонт , после ремонта никто не ниж С полной обстановкой мебель техника Зайти жить Теплый пол по всей квартире . Охраняемая территория Кадастр есть Прописка нулевая Ключи в нотариусе. Хороший вариант под сдачу в аренду Ориентир: корзинка Сетор Цена:82500$ есть торг Ипотеки нет, только наличка!!! +998958290584",2026-05-02,https://www.olx.uz/d/obyavlenie/yunusabad-9-kvartal-2-5-9-novostroyka-56m2-or-tir-setor-korzinka-ID3VPxy.html
4az2n,olx,private,,Fergana Region,Фергана,3.0,78.0,5.0,78.0,4.0,5.0,panel,adjacent,1989.0,2.4,combined,1.0,designer renovation,0.0,"Internet, Telephone, Refrigerator, Air Conditioning, Washing Machine, Kitchen, Balcony","Hospital, Clinic, School, Playground, Kindergarten, Bus Stop, Entertainment, Restaurant, Cafe, Parking, Supermarket, Shops",0,250.0,USD,02/05/2026,"Описание 3 хона завадской, ремонти аъло, хамма хоналар обой қилинган, ромлар AKFA пласт, поли таркет қилинган, эшиклари МДФ, алохида отопленияси бор, кондиционер бор, қишда жуда иссиқ, ёзда табиий салқин, газ баланд ёнади, сув 24 соат ўчмайди, электр 24 соат ўчмайди, асосий эшик темирли, санузелда 100 литрлик Аристон, Ошхона мебели ва вентиляцияси бор, яшаш учун жуда қулай, ўзимиз яшаб турган уй.",2026-05-02,https://www.olx.uz/d/obyavlenie/3-honali-zr-sharoitdagi-kvartira-izharaga-beriladi-zakanal-40-dom-ID4az2n.html
4meOn,olx,business,resale,Tashkent Region,Chilanzar District,2.0,,,54.0,1.0,4.0,brick,adjacent,,,,1.0,average condition,0.0,,,0,70500.0,USD,01/05/2026,"Описание Продаётся Квартира Чиланзар 9 квартал 2в3/1/4 Ориентир:Малика гостиница ,РОВД Отличная локация Балкон:2х6 Планировка смежка Площадь:54кв.м С мебелью и техникой Тип строения кирпич Цена:71.000$",2026-05-02,https://www.olx.uz/d/obyavlenie/chilanzar-9-kvartal-2v3-1-4-balkon-26-otlichnaya-lokatsiya-ID4meOn.html
3W5w9,olx,private,resale,Tashkent Region,Yashnabad District,3.0,43.54,,73.7,4.0,4.0,brick,separate,,,separate,0.0,average condition,0.0,"Kitchen, Balcony","Hospital, Clinic, School, Playground, Kindergarten, Bus Stop, Supermarket, Shops",1,76000.0,USD,01/05/2026,"Описание 3 хоналик 77-сериядаги квартира сотилади; гиштдан; Олмос метро ёнида. Умумий майдони: 72,4 кв.м. Коридор: 2х6м. Балкон: 2х6м. Кушимча балкон: 0.80х2.40. Нархи: $76000 (ками бор). Мурожаат учун телефон: +998974773288 Продаётся 3-х комнатная квартира 77-серии из кирпича; рядом метро Олмос. Общая площадь: 72,4 кв.м. Коридор: 2х6м. Балкон: 2х6м. Второй балкончик:0.80х2.40. Стоимость:$76000(договорная) Телефон для связи: +998974773288",2026-05-02,https://www.olx.uz/d/obyavlenie/prodaetsya-svoya-3-h-komnatnaya-kvartira-77-serii-u-metro-olmos-ID3W5w9.html
4mzqt,olx,private,resale,Tashkent Region,Sergeli District,4.0,60.0,12.0,94.24,4.0,9.0,panel,separate,2000.0,3.0,separate,0.0,average condition,0.0,"Internet, Air Conditioning, Cable TV, Washing Machine, Kitchen, Balcony","Hospital, Clinic, Playground, Kindergarten, Bus Stop, Park, Green Area, Entertainment, Restaurant, Cafe, Parking, Supermarket, Shops, School",1,110000.0,USD,01/05/2026,"Описание Сергели 5, Ўзгариш МФЙ, 2 ва 3-сон Метро бекатлари олдида ""GOLDEN LIFE"" савдо мажмуаси олдида жойлашган 9-қаватли уй 4-қават 4-хонали 94.24 м2 майдони санузеллар алоҳида, ҳолати ремонт қилинган яшашга тайёр.",2026-05-02,https://www.olx.uz/d/obyavlenie/sergeli-5-mavze-zgarish-mfy-4-honali-uy-ID4mzqt.html
4mBYM,olx,private,resale,Tashkent Region,Shaykhantakhur District,2.0,,,68.0,9.0,9.0,panel,separate,,,separate,0.0,average condition,1.0,,,0,55700.0,USD,02/05/2026,Описание 2/9/9 белтепа махаллада квадрати катта 2 та балконли дом сотилади Оддий ремонт 2 хона 3 хона қилинган Срочний бўлгани учун арзон сотвоммиза 68квм атроф 55700$ Телефон:9.8.3.0.1.1.1.7.8.,2026-05-02,https://www.olx.uz/d/obyavlenie/2-9-9-beltepa-mahallada-kvadrati-katta-2-ta-balkonli-dom-sotiladi-ID4mBYM.html
4czbc,olx,private,resale,Tashkent Region,Yunusabad District,4.0,,,124.0,5.0,5.0,brick,,2010.0,,2+ bathrooms,1.0,designer renovation,0.0,"Internet, Refrigerator, TV, Air Conditioning, Cable TV, Washing Machine, Kitchen, Balcony","Hospital, Clinic, School, Playground, Kindergarten, Bus Stop, Park, Green Area, Entertainment, Restaurant, Cafe, Parking, Supermarket, Shops",1,165000.0,USD,02/05/2026,"Описание Shoshilinch sotiladi. Yunusobod tumani Shahriston metro - ""Bankovskiy"" xonadon. 4-xonali (+ oshxona) 124 kv, Elit uy. 2 ta avtomobil uchun avtoturargohi bor. 150 metr radiusda Korzinka 24/7, Masjid, Shahriston metro. Qimmat mebel va texnikasi mavjud. Oilaviy sayr qilish uchun yonida ""Xotira Maydoni"" bor. ___ Юнусабадский район, ориентир метро Шахристан, элитный Банковский дом. Продаётся 4-комнатная квартира (переделанная в 5), 124 м². Квартира расположена в престижном районе, в радиусе 150 метров находятся супермаркет Korzinka 24/7, мечеть и станция метро Шахристан. Рядом также расположен парк «Xotira Maydoni», идеально подходящий для семейных прогулок. Характеристики: Этаж: 5 Этажность дома: 5 Общая площадь: 124 м² Состояние: элитная квартира, уникальный дизайнерский ремонт 2 санузла + душевая кабина Дорогая мебель и качественная техника включены Парковка на 2 автомобиля Имеется кладовая в подвале Собственник: +998 93 527-76-02",2026-05-02,https://www.olx.uz/d/obyavlenie/bankovskiy-yevro-remont-shahristanskiy-124-m-ID4czbc.html
2TsNc,olx,private,resale,Tashkent Region,Yashnabad District,3.0,57.0,,70.0,9.0,9.0,panel,separate,,2.8,separate,1.0,euro renovation,1.0,"Internet, Telephone, Air Conditioning, Washing Machine, Kitchen","Hospital, Clinic, School, Playground, Kindergarten, Bus Stop, Park, Green Area, Entertainment, Restaurant, Cafe, Parking, Supermarket, Shops",0,70000.0,USD,02/05/2026,"Описание Продам свою уютную квартиру в хорошем районе, с хорошем ремонтом. Окна выходят на дворец авиа строителей.на окнах решетки. Крыша не течёт, хорошие соседи - очень чистый и красивый двор.  Бонус - гараж. Собственник. Не большой торг уместен. Либо обмен на дом- желательно в этом районе.",2026-05-02,https://www.olx.uz/d/obyavlenie/prodam-svoyu-kvartiru-ID2TsNc.html
4cA5I,olx,private,resale,Navoiy Region,Navoiy,2.0,50.0,12.0,50.0,3.0,5.0,panel,Смежно-раздельная,1989.0,3.0,separate,1.0,euro renovation,1.0,"Internet, Refrigerator, Kitchen, Balcony","Hospital, Clinic, School, Playground, Kindergarten, Bus Stop, Park, Green Area, Entertainment, Restaurant, Cafe, Parking, Supermarket, Shops",1,520000000.0,UZS,02/05/2026,"Описание Продаётся 2-комнатная квартира на 3 этаже 5-этажного панельного дома в районе “Восход”. Адрес: проспект Ислама Каримова, дом 46 Рядом находятся рынок, школы, много детских садов, аптеки и магазины. Дом у дороги, рядом остановка общественного транспорта. Преимущества: Удобный 3-й этаж Спокойный, зелёный район Вся инфраструктура в пешей доступности Хорошие соседи Все документы готовы",2026-05-02,https://www.olx.uz/d/obyavlenie/srochno-prostornaya-2-komnatnaya-kvartira-vse-ryadom-rynok-shkoly-sady-ID4cA5I.html
4jkwd,olx,private,new building,Tashkent Region,Паркент,2.0,46.0,,46.0,3.0,4.0,brick,,2020.0,,,1.0,designer renovation,0.0,"Refrigerator, TV, Air Conditioning, Cable TV, Kitchen","Hospital, Clinic, School, Playground, Kindergarten, Bus Stop, Park, Green Area, Entertainment, Parking, Supermarket, Shops",1,320000000.0,UZS,02/05/2026,"Описание SROCHNA SOTILADI PUL ZARUR parkentda 2 xonali 46 kv kvartira sotiladi moshina bo'lsa abmenxam qilaman, 3 etajda joylashgan podklyuch",2026-05-02,https://www.olx.uz/d/obyavlenie/srochna-sotiladi-parkent-tumani-asosiy-yolni-yuzida-moshinaga-abmen-ID4jkwd.html
3SVFV,olx,business,,Samarkand Region,Samarkand,2.0,60.0,6.0,60.0,3.0,7.0,brick,separate,2014.0,,combined,1.0,designer renovation,1.0,"Kitchen, TV, Balcony, Air Conditioning, Internet, Cable TV, Telephone, Washing Machine, Refrigerator","Restaurant, Cafe, Kindergarten, Parking, Bus Stop, Hospital, Clinic, Supermarket, Shops, Park, Green Area, School, Entertainment, Playground",1,400.0,USD,02/05/2026,Описание Сдаётся 2х комнатная квартира в центре самарканда со всеми удобствами заходи живи хороший район газ свет вода постоянно новый жилой комплекс дружелюбные соседи звоните будем рады +998500370669,2026-05-02,https://www.olx.uz/d/obyavlenie/sdaetsya-2h-komnatnaya-kvartira-v-tsentre-samarkanda-ID3SVFV.html
3PKpH,olx,business,,Samarkand Region,Samarkand,3.0,100.0,7.0,105.0,3.0,7.0,brick,separate,2016.0,3.0,combined,1.0,designer renovation,1.0,"Kitchen, TV, Balcony, Air Conditioning, Internet, Cable TV, Telephone, Washing Machine, Refrigerator","Restaurant, Cafe, Kindergarten, Parking, Bus Stop, Hospital, Clinic, Supermarket, Shops, Park, Green Area, School, Entertainment, Playground",1,800.0,USD,02/05/2026,Описание Сдаётся 3х комнатная квартира в центре самарканда со всеми удобствами заходи живи хороший район газ свет вода постоянно новый жилой комплекс дружелюбные соседи звоните будем рады помочь +998953838424,2026-05-02,https://www.olx.uz/d/obyavlenie/sdaetsya-3h-komnatnaya-kvartira-v-tsentre-samarkanda-ID3PKpH.html
4lN4B,olx,business,,Samarkand Region,Samarkand,3.0,90.0,12.0,100.0,2.0,8.0,brick,separate,2014.0,3.0,combined,1.0,euro renovation,1.0,"Telephone, Cable TV, Internet, Air Conditioning, TV, Balcony, Refrigerator, Kitchen","Playground, School, Entertainment, Hospital, Clinic, Supermarket, Shops, Park, Green Area, Bus Stop, Parking, Kindergarten, Restaurant, Cafe",0,500.0,USD,02/05/2026,Описание Объявления  1019 Ул. Бустансарай Ор: Алока Банк 3х комнатная 2 этаж 90 кв.м Этажность: 5 Имеется кладовка Все условия $ Арендная плата 500$ + 50% за услугу +998953573334 Азиз,2026-05-02,https://www.olx.uz/d/obyavlenie/srochno-arenda-3h-komnatnaya-ID4lN4B.html
4iUD6,olx,business,new building,Samarkand Region,Samarkand,8.0,3.0,20.0,3.0,3.0,3.0,brick,separate,2021.0,3.0,2+ bathrooms,0.0,designer renovation,0.0,,"School, Supermarket, Shops, Park, Green Area, Hospital, Clinic, Parking, Bus Stop, Kindergarten, Restaurant, Cafe, Playground, Entertainment",0,265000.0,USD,02/05/2026,Описание Объявления. 788 Ул Некрасова Ор: Кадастр Двор Вдоль дороги 8 комнатная Этажность 3 3 соток Фасад 40 метр. 2 входа. угловая Под бизнес. Частичный ремон. См.фото Цена 265 тыс Торг уместен. Телефон +998953573334,2026-05-02,https://www.olx.uz/d/obyavlenie/srochno-pod-biznes-dvor-ID4iUD6.html
4mo4h,olx,private,,Samarkand Region,Samarkand,3.0,100.0,15.0,100.0,2.0,8.0,brick,separate,2014.0,3.0,separate,1.0,euro renovation,1.0,"Telephone, Cable TV, Internet, Air Conditioning, TV, Kitchen, Refrigerator, Washing Machine","Playground, School, Entertainment, Hospital, Clinic, Supermarket, Shops, Park, Green Area, Bus Stop, Parking, Kindergarten, Restaurant, Cafe",0,450.0,USD,02/05/2026,"Описание Сдается 3х комнатная квартира На Вокзале На 2 этаже 100 кв.м Орентир,  Олтин Самарканд ресторан. Только семья. Тел. +998953573334",2026-05-02,https://www.olx.uz/d/obyavlenie/arenda-3h-komnatnaya-kvartira-na-vokzale-ID4mo4h.html
4mBr5,olx,private,resale,Sirdaryo Region,Гулистан,2.0,,,82.0,4.0,6.0,brick,adjacent,,,,0.0,,0.0,,,0,43500.0,USD,01/05/2026,Описание 1-Mavze Mazza cafe oldidagi Dom 4 etaj. 2 xona. 82.kv xechkim yashamagan Remonti zor,2026-05-02,https://www.olx.uz/d/obyavlenie/1-mavze-mazza-cafe-dom-lift-bor-ID4mBr5.html
3ZXIA,olx,business,,Tashkent Region,Yakkasaray District,5.0,250.0,50.0,220.0,3.0,4.0,brick,Многоуровневая,1979.0,6.0,2+ bathrooms,1.0,euro renovation,1.0,"Balcony, Air Conditioning, Cable TV, Internet, Washing Machine, Telephone, Kitchen, Refrigerator","Restaurant, Cafe, Kindergarten, Parking, Bus Stop, Hospital, Clinic, Supermarket, Shops, Park, Green Area, School, Entertainment, Playground",0,1500.0,USD,01/05/2026,"Описание Ул. Ракат  , яккасарайский район, ракат махалля Дом кирпичный 77 серии, 3 квартиры соеденены в одну (2 на 3-м этаже, 1 на 4-м), 3 спальни, 3 санузла ( 2 полноценных, 1 унитаз+ раковина), большой зал, большая кухня+ столовая, есть камин, только завершили освежающий ремонт,  мебелированна,  есть техника, спальня 1 большая ( с санузлом, гардеробом и кладовкой или еще 1 гардероб) 2 больших зала, получается 5",2026-05-02,https://www.olx.uz/d/obyavlenie/sdaetsya-kvartira-dupleks-ID3ZXIA.html
4miE1,olx,private,new building,Tashkent Region,Sergeli District,2.0,30.0,7.0,42.0,1.0,7.0,brick,separate,2019.0,2.8,combined,1.0,average condition,0.0,"Internet, Air Conditioning, Cable TV, Washing Machine, Kitchen","Hospital, Clinic, School, Playground, Kindergarten, Bus Stop, Park, Green Area, Entertainment, Restaurant, Cafe, Supermarket, Shops",1,61000.0,USD,25/04/2026,"Описание Yangi Hayot, 5-А, Гиштли Новостроика,  1-этаж, 7 каватлик дом, умумии мадони 42 м2, алохида подвали калити бн ва катта огород хам бор, уи ремонти урта, 2 контрлик котёл, 3-бекат, метрога 3-минутлик и'ул, автобус бекатига 1-минутлик иул,  хамма кулаиликлари бор.",2026-05-02,https://www.olx.uz/d/obyavlenie/novostroika-2-1-7-yangi-hayot-gishtli-ID4miE1.html
4jkuU,olx,private,resale,Tashkent Region,Yakkasaray District,4.0,100.0,10.0,107.0,5.0,9.0,brick,Многоуровневая,1979.0,2.75,2+ bathrooms,1.0,average condition,0.0,"Internet, Air Conditioning, Kitchen","Hospital, Clinic, Playground, Kindergarten, Bus Stop, Park, Green Area, Entertainment, Restaurant, Cafe, Parking, Supermarket, Shops, School",1,120000.0,USD,02/05/2026,Описание Яккасарайский район улица Бабур 67/4 2х этажная квартира,2026-05-02,https://www.olx.uz/d/obyavlenie/kvartira-v-tashkente-ID4jkuU.html
4mBYk,olx,business,new building,Tashkent Region,Mirabad District,3.0,,,81.0,8.0,13.0,brick,,,,,1.0,,0.0,"Cable TV, TV, Telephone, Balcony, Washing Machine, Air Conditioning, Refrigerator, Internet, Kitchen","Entertainment, Bus Stop, School, Supermarket, Shops, Restaurant, Cafe, Playground, Park, Green Area, Kindergarten, Hospital, Clinic, Parking",1,260000.0,USD,01/05/2026,"Описание Продаётся 3-х комнатная квартира в ЖК Parkwood Ориентир: Госпитальный, Мирабадский район Комнат: 3 Этаж: 8 Этажность: 13 Общая площадь: 81 м2 Состояние: евро ремонт Мебель+Техника Цена: 260.000 у.е. срочно",2026-05-02,https://www.olx.uz/d/obyavlenie/zhk-parkwood-evro-lyuks-kvartira-prodaetsya-3-8-13-ID4mBYk.html
4lTgZ,olx,private,,Tashkent Region,Yashnabad District,2.0,32.0,9.5,53.0,3.0,9.0,brick,adjacent,2016.0,2.8,combined,1.0,euro renovation,0.0,"Telephone, Refrigerator, TV, Air Conditioning, Cable TV, Washing Machine, Kitchen, Balcony","Playground, Kindergarten, Bus Stop, Park, Green Area, Entertainment, Restaurant, Cafe, Supermarket, Shops",0,400.0,USD,01/05/2026,"Описание Сдается двух комнатная квартира в аренду на долгий срок с Сдается двух комнатная на долгий срок семейние парам с ремонтом , с Сдается двухкомнатная квартира с мебелью на долгий срок семейним парам ,ЖК Олмос ,поблизости детсад ,школа ,зелёная зона. Есть депозит",2026-05-02,https://www.olx.uz/d/obyavlenie/arenda-dolgosrochnaya-ID4lTgZ.html
3Jlas,olx,private,resale,Tashkent Region,Sergeli District,2.0,58.0,12.0,58.0,2.0,4.0,brick,separate,1960.0,2.7,separate,0.0,euro renovation,0.0,"Cable TV, Internet, Balcony, Kitchen","Playground, School, Entertainment, Hospital, Clinic, Supermarket, Shops, Park, Green Area, Bus Stop, Parking, Kindergarten, Restaurant, Cafe",0,48000.0,USD,01/05/2026,"Описание Я продаю свою КВ в бинокоре ,двух комнатная  янги хаёт  , 2-6 балькон цена 48000ye аканчательно",2026-05-02,https://www.olx.uz/d/obyavlenie/prodaetsya-kv-2komnatnaya-2-6-balkon-svezhiy-remont-kerpichniy-ID3Jlas.html
47mvp,olx,business,resale,Tashkent Region,Келес,2.0,44.0,10.0,56.0,1.0,5.0,panel,separate,,,separate,0.0,average condition,0.0,,"Restaurant, Cafe, Kindergarten, Parking, Bus Stop, Supermarket, Shops, Park, Green Area, Hospital, Clinic, Entertainment, School, Playground",1,55000.0,USD,01/05/2026,Описание Сотилади Срочно Келес хокимият ропараси Поликлиника йонида 2/1/5 54м2 средни ремонт 2х6 балкон 3 хона килиб фойдалансаям болади корзинка якин 55.000$,2026-05-02,https://www.olx.uz/d/obyavlenie/sotiladi-keles-hokimiyat-oldida-2-1-5-54m2-2h6-balkon-ID47mvp.html
47QLC,olx,private,,Khorezm Region,Караул,2.0,62.0,15.0,75.0,4.0,7.0,brick,separate,2017.0,3.0,separate,1.0,,0.0,"Refrigerator, TV, Air Conditioning, Cable TV, Washing Machine, Kitchen","Hospital, Clinic, School, Playground, Kindergarten, Bus Stop, Park, Green Area, Entertainment, Restaurant, Cafe, Parking, Supermarket, Shops",1,300.0,USD,01/05/2026,"Описание Урганч шахар Карат ресторани тугрисидаги навостройка 7 этажли домни 4 каватида 2 хонали 62 кв2 евроремонт квартира ижарага берилади. газ плитаси, холодильник ва 3 та крават катта шкаф бор. Кухонный мебель стол стул бор. Кондиционер бор. Автомат кир мошина хам куйиб берилади. Узок муддатга шартнома асосида ойлага ижарага берамиз. 914331888. Студент кизлар ёки ойлага берамиз. Тоза ва покиза, халол инсонларга берилади. Маклер эмасман у́зимни уйим...",2026-05-02,https://www.olx.uz/d/obyavlenie/kvartira-2-honali-ID47QLC.html
4lS9t,olx,business,resale,Fergana Region,Фергана,2.0,35.0,8.0,50.0,1.0,4.0,panel,adjacent,1979.0,2.6,combined,0.0,average condition,1.0,Kitchen,"Hospital, Clinic, Playground, Kindergarten, Bus Stop, Park, Green Area, Entertainment, Restaurant, Cafe, Parking, Supermarket, Shops, School",0,26200.0,USD,01/05/2026,Описание Текстил Бурж аптека енида жойлашган 4 каватли эски планировка уйнинг 1чи каватида жойлашган 2 хоналик (3 килинган) угловой верандали квартира сотилади.Холати расмдагидек.Отоплениеси бор.Нархи 26.200$,2026-05-02,https://www.olx.uz/d/obyavlenie/1chi-kavat-2-hona-uglovoy-veranda-tekstil-ID4lS9t.html
4mBY8,olx,private,new building,Tashkent Region,Mirzo-Ulugbek District,4.0,,,128.0,4.0,8.0,brick,separate,,3.2,2+ bathrooms,0.0,euro renovation,0.0,"Internet, Air Conditioning, Cable TV",,0,165000.0,USD,01/05/2026,Описание 4/4/8 Дархан новостройка 2012 года 126кв 2 сан узла Ориентир инконель,2026-05-02,https://www.olx.uz/d/obyavlenie/4-4-8-darhan-128-kv-evroremont-2-san-uzla-potolok-3-20-svoya-ID4mBY8.html
4lS9p,olx,business,new building,Tashkent Region,Shaykhantakhur District,2.0,,,58.0,11.0,16.0,panel,separate,,3.0,combined,1.0,euro renovation,0.0,"Kitchen, Balcony",,0,68000.0,USD,01/05/2026,Описание ПРОДАЁТСЯ КВАРТИРА Оризор Резидент Новастройка 2/11/16 Майдони : 58 М² ЕВРО ремонт Хоналар алохида МОЖНО ИПОТЕКА 434 МЛН ЦЕНА: 68.000$ Тел +998333150909,2026-05-02,https://www.olx.uz/d/obyavlenie/urikzor-2-hona-sotiladi-ID4lS9p.html
4fhIZ,olx,business,resale,Tashkent Region,Chilanzar District,2.0,22.0,8.0,36.0,1.0,5.0,brick,separate,1979.0,2.5,combined,1.0,designer renovation,0.0,"Internet, Telephone, Refrigerator, TV, Air Conditioning, Cable TV, Washing Machine, Kitchen, Balcony","Hospital, Clinic, Playground, Kindergarten, Bus Stop, Park, Green Area, Entertainment, Restaurant, Cafe, Parking, Supermarket, Shops, School",1,62000.0,USD,01/05/2026,"Описание СВОЯ квартира. 994842531 пожалуйста позвоните заранее. Кирпичный дом, Ремонт Нью-классика, переделан в2х комнаты. Всё остаётся: Мебель, Техника 7tech : Кондиционер, Стиральная машинка, Холодильник, Вытежка, Телевизор,  Интернет Wi-fi, камеры наблюдение и ковры. Есть Видио наблюдение с улицы где авто парковка, подъезд и прихожей. Индивидуальный авто парковка с освещением. Ориентир: Фархадский перекресток, Хавас супермаркет,  Чупон-Ота мечеть, новая школа, дом N13. Можно Ипотека по договору. Евро решётки на окнах. Торг на месте...",2026-05-02,https://www.olx.uz/d/obyavlenie/svoya-chilanzar-13-1-2-1-5-nyu-klassika-s-mebelyu-i-tehnikoy-62ue-ipotek-ID4fhIZ.html
3N9qW,olx,private,,Fergana Region,Фергана,2.0,67.0,67.0,67.0,7.0,4.0,brick,Многоуровневая,,3.0,separate,1.0,designer renovation,1.0,"Air Conditioning, Cable TV, Internet, Washing Machine, Refrigerator, Kitchen, TV","Bus Stop, Park, Green Area, School, Parking, Playground, Supermarket, Shops, Kindergarten",0,300.0,USD,01/05/2026,"Описание Фаргона шахар медиа парк оркасидаги янги домлардаги квартира узок муддатга оилага берилади,хамма шароитлари мавжуд,газ свет сув зор,кушнилар яхши,лифти бор ишлайди,барча мебел ва техникалари куйилган.",2026-05-02,https://www.olx.uz/d/obyavlenie/kvartira-arendaga-fargona-shahar-hokimiyati-orkasi-ID3N9qW.html
47eI7,olx,business,,Tashkent Region,Бектемирский район,3.0,,,85.0,6.0,9.0,,,,,separate,1.0,euro renovation,1.0,"Internet, Telephone, Refrigerator, TV, Air Conditioning, Cable TV, Washing Machine, Kitchen, Balcony","Hospital, Clinic, School, Playground, Kindergarten, Bus Stop, Park, Green Area, Entertainment, Restaurant, Cafe, Parking, Supermarket, Shops",0,700.0,USD,24/04/2026,Описание ДЕШЕВО 3 комн МАХТУМКУЛМ ИТ парк ц1 эко парк 6 мин Паркентский рядом для иностранцев или семейным ЭТОЙ квартиры цена 1000 оплата за месяц если предоплаты за год то цена будет 700 есть варианты пишите в телеграмм от 400-1500 альтернативные варианты комиссия 50% можно и на месяц иностранцев,2026-05-02,https://www.olx.uz/d/obyavlenie/deshevo-3-komn-mahtumkuli-it-park-ts1-eko-park-6-min-parkentskiy-ryadom-ID47eI7.html
4md1b,olx,business,,Tashkent Region,Mirabad District,3.0,80.0,10.0,80.0,1.0,9.0,panel,separate,2000.0,3.0,separate,1.0,average condition,0.0,"Air Conditioning, Refrigerator, Cable TV, TV, Internet, Kitchen","Restaurant, Cafe, Kindergarten, Parking, Bus Stop, Hospital, Clinic, Supermarket, Shops, Park, Green Area, School, Entertainment, Playground",0,1600.0,USD,01/05/2026,"Описание Сдается в аренду уютное и тихое офисное помещение в центре города площадью 80 кв.м на 1 этаже жилого дома, вход отдельный. Имеется высокоскоростной интернет (оптоволокно), офисная мебель, видеонаблюдение внутри и снаружи, телевизор, холодильник, куллер и кухня с необходимыми принадлежностями. Также кондиционер в каждом кабинете. Ориентир: 5 минут пешком от метро Айбека, Госпитального базара и рядом с ГАРАНТ банком.",2026-05-02,https://www.olx.uz/d/obyavlenie/arenda-ofisa-metro-aybek-ID4md1b.html
4ltlF,olx,private,,Namangan Region,Наманган,3.0,85.0,,90.0,9.0,10.0,,,,,,1.0,,0.0,,,0,850.0,USD,01/05/2026,Описание Namangan shaxar Neo Classic da Kvartira arendaga beriladi Shodiyona Toyxona yonida. 3 xona 90 kvm. Alohida Oshxona katta balkon bor. Xama texnika mebellari ornatilgan 3 ta kondisoner ornatilgan 9 etaj lift bor Novostroyka Yangi uy xec kim yashamagan. Deposit bor Bez makler Arenda 850$ 881579779,2026-05-02,https://www.olx.uz/d/obyavlenie/kvartira-arenda-namangan-shaxar-neo-classic-ID4ltlF.html
4lw0h,olx,business,resale,Tashkent Region,Chilanzar District,3.0,,,50.0,2.0,5.0,brick,separate,,,combined,1.0,euro renovation,0.0,"Internet, Telephone, Refrigerator, TV, Air Conditioning, Cable TV, Washing Machine, Kitchen, Balcony","Hospital, Clinic, Playground, Kindergarten, Bus Stop, Park, Green Area, Entertainment, Restaurant, Cafe, Parking, Supermarket, Shops, School",0,73000.0,USD,01/05/2026,Описание СРОЧНО ПРОДАЕТСЯ КВАРТИРА ЧИЛАНЗАР-26 Евроремонт 2*3-комнатная 2-этаж Кирпичный дом Можно в ипотеку ЦЕНА: 73000$,2026-05-02,https://www.olx.uz/d/obyavlenie/srochno-prodaetsya-kvartira-23-2-5-chilanzar-26-ID4lw0h.html
4lS9i,olx,business,,Tashkent Region,Shaykhantakhur District,2.0,,,48.0,1.0,7.0,brick,separate,,,combined,1.0,euro renovation,1.0,"Refrigerator, TV, Washing Machine, Kitchen","Hospital, Clinic, Playground, Kindergarten, Bus Stop, Park, Green Area, Entertainment, Restaurant, Cafe, Parking, Supermarket, Shops, School",0,400.0,USD,01/05/2026,Описание Sergeli 5a 2/1/7 Oilaga Sharoiti bor M 2 bekat yonida Narxi 400$,2026-05-02,https://www.olx.uz/d/obyavlenie/arenda-kvartira-sergeli-5a-ID4lS9i.html
4lS9h,olx,business,resale,Tashkent Region,Yunusabad District,2.0,,,50.0,1.0,4.0,panel,adjacent,,,separate,0.0,euro renovation,0.0,,,1,72500.0,USD,01/05/2026,Описание #2комнатная Юнусабад- 11 квартал 2-3/1/4 2х комнатная переделанная в 3х 1й этаж 4х этажный дом Балкон 1.5/6 Торец утеплённый Новый ремонт Комнаты смежные 50м2 Цена:72500$ +998971491122,2026-05-02,https://www.olx.uz/d/obyavlenie/yunusabad-11-kvartal-2-3-1-4-balkon-1-5-6-torets-uteplennyy-50m2-ID4lS9h.html
4lw0d,olx,business,,Tashkent Region,Mirzo-Ulugbek District,1.0,36.0,6.0,46.0,4.0,4.0,panel,separate,2000.0,3.0,separate,1.0,euro renovation,1.0,"Internet, Telephone, Refrigerator, TV, Air Conditioning, Cable TV, Washing Machine, Kitchen, Balcony","Hospital, Clinic, Playground, Kindergarten, Bus Stop, Park, Green Area, Entertainment, Restaurant, Cafe, Parking, Supermarket, Shops, School",0,350.0,USD,01/05/2026,Описание Mirzo Ulugʻbek 1.xona 2.xona qilingan kvartira ijaraga beriladi hamma waroitga ega winam hamda toza uy,2026-05-02,https://www.olx.uz/d/obyavlenie/mirzo-ulugbek-ttz-diadorada-1-xona-2-xona-qilingan-kv-ijaraga-berilad-ID4lw0d.html
